{
    "installed": {
        "client_id": "647746986852-43drlnoq6dahtim7f1fd2l332vni9h9b.apps.googleusercontent.com",
        "project_id": "balmy-vertex-371916",
        "auth_uri": "https://accounts.google.com/o/oauth2/auth",
        "token_uri": "https://oauth2.googleapis.com/token",
        "auth_provider_x509_cert_url": "https://www.googleapis.com/oauth2/v1/certs",
        "client_secret": "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",
        "redirect_uris": [
            "http://localhost"
        ]
    }
}